chunking_s,embedding_s,indexing_s,total_s,n_processes,corpus_size,n_chunks
0.4394433769994066,69.11603706499955,0.0008100120012386469,69.55629045400019,1,1000,2658
0.40015098699950613,70.82821967699965,0.24829597000098147,71.47666663400014,2,1000,2658
0.44055116699928476,83.55376510600036,0.23728856699926837,84.23160483999891,4,1000,2658
1.7933670239999628,358.6855105350005,0.013216974000897608,360.49209453300136,1,5000,13497
1.550761696000336,358.523990751999,0.2887639720011066,360.36351642000045,2,5000,13497
1.3051942399997642,393.8816436289999,0.39317719700011367,395.58001506599976,4,5000,13497
2.434670515000107,449.9727329690013,0.00532878299964068,452.41273226700105,1,20000,17013
1.7867130580016237,433.9894907880007,0.28849895900020783,436.0647028050025,2,20000,17013
1.364267392000329,494.27409344700027,0.3879424349997862,496.0263032740004,4,20000,17013
